{
	"info": {
		"_postman_id": "c0b48697-43c3-4e83-993e-c5961c69fec3",
		"name": "vuelos",
		"schema": "https://schema.getpostman.com/json/collection/v2.1.0/collection.json",
		"_exporter_id": "51017834",
		"_collection_link": "https://sebasriveros1305-8428408.postman.co/workspace/ffc3b0c8-94f2-4cd4-8114-9b5aa72a97ae/collection/51017834-c0b48697-43c3-4e83-993e-c5961c69fec3?action=share&source=collection_link&creator=51017834"
	},
	"item": [
		{
			"name": "vuelo",
			"request": {
				"method": "GET",
				"header": []
			},
			"response": []
		},
		{
			"name": "vuelo id",
			"request": {
				"method": "GET",
				"header": []
			},
			"response": []
		},
		{
			"name": "vuelo id inexistente",
			"request": {
				"method": "GET",
				"header": []
			},
			"response": []
		},
		{
			"name": "vuelo filtro por empresa",
			"request": {
				"method": "GET",
				"header": []
			},
			"response": []
		},
		{
			"name": "vuelo filtro lugar de llegada",
			"request": {
				"method": "GET",
				"header": []
			},
			"response": []
		},
		{
			"name": "vuelo filtro fecha de salida",
			"request": {
				"method": "GET",
				"header": []
			},
			"response": []
		},
		{
			"name": "vuelo ordenar por empresa",
			"request": {
				"method": "GET",
				"header": []
			},
			"response": []
		},
		{
			"name": "vuelo filtro + orden combinados",
			"request": {
				"method": "GET",
				"header": []
			},
			"response": []
		},
		{
			"name": "crear un vuelo",
			"request": {
				"method": "GET",
				"header": []
			},
			"response": []
		},
		{
			"name": "crear un vuelo invalido",
			"request": {
				"method": "GET",
				"header": []
			},
			"response": []
		},
		{
			"name": "actualizar un vuelo",
			"request": {
				"method": "GET",
				"header": []
			},
			"response": []
		},
		{
			"name": "actualizar un vuelo Copy",
			"request": {
				"method": "GET",
				"header": []
			},
			"response": []
		},
		{
			"name": "eliminar vuelo",
			"request": {
				"method": "GET",
				"header": []
			},
			"response": []
		},
		{
			"name": "eliminar vuelo inexistente",
			"request": {
				"method": "GET",
				"header": []
			},
			"response": []
		}
	]
}